Length,Key,Mode,time_signature,Danceability,Acousticness,Energy,liveness,loudness,speechiness,valence,tempo,Genere,Classe
532267,3,0,4,0.378,0.000187,0.733,0.0582,-4.935,0.0331,0.164,118.454,HEAVYMETAL,0
377373,4,0,4,0.488,1.18e-05,0.976,0.067,-4.165,0.142,0.404,143.988,HEAVYMETAL,0
188867,5,1,4,0.439,0.00156,0.987,0.424,-3.576,0.22,0.378,163.393,HEAVYMETAL,0
185016,1,1,4,0.452,0.000103,0.995,0.204,-3.958,0.0752,0.237,100.043,HEAVYMETAL,0
383027,9,1,4,0.235,0.0638,0.988,0.956,-3.687,0.274,0.154,130.002,HEAVYMETAL,0
486227,10,0,4,0.309,8.31e-05,0.882,0.0976,-4.054,0.0629,0.174,123.558,HEAVYMETAL,0
222453,5,1,4,0.319,0.000485,0.967,0.315,-3.485,0.124,0.269,147.947,HEAVYMETAL,0
110427,6,1,4,0.155,3.1e-06,0.998,0.184,-3.958,0.237,0.0616,197.331,HEAVYMETAL,0
259693,6,0,4,0.347,3.26e-05,0.991,0.314,-2.444,0.16,0.449,146.478,HEAVYMETAL,0
293067,9,1,4,0.518,3.72e-05,0.96,0.219,-3.972,0.0661,0.598,137.98,HEAVYMETAL,0
241907,4,0,4,0.663,0.00052,0.91,0.112,-5.131,0.0495,0.708,140.044,HEAVYMETAL,0
414307,1,1,4,0.277,0.000105,0.933,0.952,-8.073,0.0565,0.366,153.551,HEAVYMETAL,0
225464,1,1,4,0.409,0.000332,0.988,0.279,-4.388,0.0533,0.357,94.028,HEAVYMETAL,0
256440,2,1,4,0.348,6.47e-06,0.979,0.103,-4.265,0.419,0.169,195.968,HEAVYMETAL,0
229880,5,0,4,0.516,0.000286,0.699,0.116,-8.643,0.0259,0.52,84.978,HEAVYMETAL,0
265467,8,1,4,0.391,0.00155,0.938,0.0911,-6.23,0.0915,0.254,140.922,HEAVYMETAL,0
318920,4,0,4,0.278,0.117,0.996,0.941,-2.984,0.199,0.202,93.077,HEAVYMETAL,0
242200,6,1,4,0.223,2.99e-06,0.993,0.318,-4.897,0.126,0.231,99.564,HEAVYMETAL,0
402280,9,0,4,0.302,0.00761,0.885,0.96,-6.813,0.0557,0.202,105.586,HEAVYMETAL,0
393013,2,1,4,0.242,1.55e-05,0.991,0.0747,-6.01,0.284,0.0432,117.854,HEAVYMETAL,0
623520,5,0,4,0.445,0.0131,0.86,0.961,-6.056,0.0497,0.143,101.003,HEAVYMETAL,0
310467,2,1,4,0.229,4.15e-05,0.992,0.227,-6.68,0.177,0.0757,172.287,HEAVYMETAL,0
251973,7,1,4,0.485,3.17e-05,0.965,0.145,-2.76,0.0616,0.232,110.944,HEAVYMETAL,0
286867,10,0,4,0.419,2.53e-05,0.866,0.162,-5.739,0.0422,0.118,105.058,HEAVYMETAL,0
310115,0,1,4,0.704,0.0602,0.741,0.0786,-5.969,0.214,0.475,174.043,HEAVYMETAL,0
315067,6,0,4,0.488,0.0024,0.847,0.204,-11.921,0.0563,0.522,103.61,HEAVYMETAL,0
150953,0,0,3,0.35,0.695,0.177,0.224,-18.985,0.0352,0.0643,119.921,HEAVYMETAL,0
505360,1,1,4,0.326,4.95e-05,0.947,0.965,-7.177,0.0612,0.283,116.188,HEAVYMETAL,0
317800,3,0,5,0.11,0.000391,0.939,0.145,-3.975,0.104,0.097,88.58,HEAVYMETAL,0
275853,5,0,4,0.498,0.00031,0.812,0.269,-9.736,0.0333,0.562,87.552,HEAVYMETAL,0
286587,9,0,4,0.435,6.96e-05,0.996,0.0733,-3.548,0.0806,0.45,149.972,HEAVYMETAL,0
277600,11,1,4,0.552,0.00364,0.803,0.108,-5.702,0.0328,0.78,97.602,HEAVYMETAL,0
233827,10,0,4,0.422,4.77e-05,0.85,0.165,-6.349,0.0418,0.111,105.023,HEAVYMETAL,0
287400,2,0,4,0.334,0.000731,0.811,0.389,-7.148,0.042,0.404,132.39,HEAVYMETAL,0
206667,1,1,4,0.315,1.79e-06,0.934,0.339,-9.302,0.107,0.286,84.162,HEAVYMETAL,0
464400,0,1,3,0.343,2.63e-05,0.942,0.0701,-4.756,0.0866,0.369,114.577,HEAVYMETAL,0
336627,1,0,4,0.567,1.92e-05,0.92,0.136,-4.807,0.0672,0.496,141.018,HEAVYMETAL,0
245480,2,1,4,0.414,0.000511,0.904,0.216,-5.388,0.0357,0.6,143.127,HEAVYMETAL,0
353400,10,1,4,0.429,0.000114,0.976,0.0923,-3.877,0.102,0.301,109.821,HEAVYMETAL,0
334013,8,1,4,0.443,0.016,0.961,0.94,-5.165,0.101,0.369,156.402,HEAVYMETAL,0
292040,2,0,4,0.192,3.29e-05,0.943,0.885,-6.446,0.0664,0.449,140.184,HEAVYMETAL,0
265107,11,1,4,0.109,4.37e-06,0.958,0.823,-7.252,0.0884,0.0661,166.506,HEAVYMETAL,0
225800,1,1,4,0.391,1.57e-05,0.995,0.887,-6.274,0.176,0.0357,107.721,HEAVYMETAL,0
274240,5,0,4,0.144,0.556,0.327,0.116,-13.468,0.0467,0.123,75.915,HEAVYMETAL,0
217080,8,1,4,0.563,0.00304,0.871,0.0764,-3.906,0.134,0.555,126.261,HEAVYMETAL,0
283000,11,1,4,0.33,4.29e-05,0.722,0.109,-8.276,0.0332,0.519,103.009,HEAVYMETAL,0
318173,1,1,4,0.317,0.254,0.959,0.998,-8.58,0.14,0.185,125.448,HEAVYMETAL,0
131320,1,1,4,0.201,4.57e-05,0.939,0.305,-11.51,0.0721,0.165,155.03,HEAVYMETAL,0
259053,10,0,4,0.424,2.71e-05,0.976,0.0869,-7.031,0.149,0.249,102.004,HEAVYMETAL,0
199880,0,0,4,0.374,0.00094,0.974,0.274,-10.283,0.041,0.3,96.651,HEAVYMETAL,0
276453,10,0,3,0.169,1.94e-06,0.956,0.187,-5.121,0.126,0.134,109.983,HEAVYMETAL,0
308547,0,1,4,0.251,3.8e-05,0.976,0.0892,-4.359,0.168,0.278,98.904,HEAVYMETAL,0
208120,0,0,4,0.477,0.677,0.45,0.114,-9.464,0.0297,0.178,95.098,HEAVYMETAL,0
277973,1,1,4,0.303,0.00266,0.904,0.172,-3.974,0.113,0.629,139.436,HEAVYMETAL,0
127093,3,1,4,0.373,0.799,0.45,0.153,-13.995,0.0424,0.0382,125.045,HEAVYMETAL,0
358477,8,0,4,0.618,0.221,0.827,0.151,-5.459,0.106,0.469,86.996,HEAVYMETAL,0
198960,1,1,4,0.385,3.75e-05,0.735,0.185,-10.82,0.0393,0.588,86.761,HEAVYMETAL,0
283053,9,1,4,0.523,0.00847,0.604,0.144,-9.768,0.0321,0.549,107.689,HEAVYMETAL,0
225800,1,1,4,0.371,1.6e-05,0.995,0.887,-6.274,0.178,0.0357,107.783,HEAVYMETAL,0
493893,7,0,3,0.173,0.00113,0.964,0.944,-6.809,0.128,0.0756,100.193,HEAVYMETAL,0
163840,10,1,4,0.27,0.182,0.518,0.866,-11.155,0.0365,0.0803,92.316,HEAVYMETAL,0
287453,6,0,4,0.491,0.000129,0.962,0.196,-5.84,0.138,0.0993,104.946,HEAVYMETAL,0
244493,9,1,4,0.416,0.00953,0.625,0.347,-7.109,0.036,0.316,121.404,HEAVYMETAL,0
349200,1,1,4,0.168,9.89e-06,0.936,0.704,-8.777,0.0807,0.147,144.986,HEAVYMETAL,0
256947,7,1,4,0.321,7.25e-06,0.991,0.584,-6.929,0.12,0.0775,137.452,HEAVYMETAL,0
205040,8,0,4,0.29,5.12e-05,0.917,0.15,-5.711,0.047,0.237,180.225,HEAVYMETAL,0
324067,9,0,4,0.243,0.000279,0.993,0.0613,-3.632,0.159,0.188,141.087,HEAVYMETAL,0
358293,0,1,4,0.256,0.000287,0.947,0.147,-6.059,0.118,0.142,146.542,HEAVYMETAL,0
190867,1,1,4,0.375,6.19e-06,0.934,0.135,-4.801,0.213,0.565,182.11,HEAVYMETAL,0
644333,7,1,4,0.275,0.000148,0.895,0.923,-4.982,0.0784,0.304,125.438,HEAVYMETAL,0
205213,2,1,4,0.356,2.36e-05,0.937,0.279,-13.574,0.0745,0.0542,171.337,HEAVYMETAL,0
334001,8,1,4,0.443,0.016,0.961,0.94,-5.165,0.0989,0.371,156.392,HEAVYMETAL,0
233933,10,0,4,0.352,1.77e-05,0.952,0.234,-6.525,0.172,0.315,100.887,HEAVYMETAL,0
246160,5,0,4,0.477,0.00261,0.897,0.133,-3.885,0.0999,0.635,144.863,HEAVYMETAL,0
221000,9,0,4,0.208,3.22e-06,0.881,0.066,-8.029,0.0579,0.55,159.479,HEAVYMETAL,0
239867,2,1,4,0.276,0.000248,0.966,0.315,-4.46,0.097,0.304,110.914,HEAVYMETAL,0
339200,5,0,4,0.216,6.24e-06,0.898,0.0554,-9.364,0.0831,0.155,82.886,HEAVYMETAL,0
196960,1,1,4,0.31,4.64e-05,0.948,0.812,-11.487,0.0399,0.541,153.646,HEAVYMETAL,0
195067,2,1,4,0.347,1.45e-05,0.928,0.179,-6.998,0.0746,0.495,143.559,HEAVYMETAL,0
212533,5,0,4,0.625,0.698,0.878,0.0777,-1.748,0.0383,0.965,105.989,HEAVYMETAL,0
370707,4,0,4,0.391,0.0001,0.955,0.0465,-5.08,0.0865,0.417,145.945,HEAVYMETAL,0
203267,1,1,4,0.311,0.000106,0.971,0.264,-12.157,0.0697,0.0829,127.209,HEAVYMETAL,0
234200,7,1,4,0.281,1.16e-05,0.978,0.0724,-6.087,0.171,0.0731,117.226,HEAVYMETAL,0
121858,4,0,4,0.278,4.64e-06,0.899,0.204,-11.859,0.0818,0.444,111.086,HEAVYMETAL,0
366907,7,1,4,0.248,8.18e-06,0.991,0.0255,-4.289,0.188,0.104,92.406,HEAVYMETAL,0
305817,8,1,4,0.71,0.471,0.659,0.195,-7.637,0.0508,0.887,92.976,HEAVYMETAL,0
320000,1,1,4,0.782,0.00201,0.641,0.0886,-13.247,0.144,0.332,180.036,HEAVYMETAL,0
200520,9,1,4,0.269,7.83e-06,0.88,0.125,-11.468,0.0788,0.412,167.054,HEAVYMETAL,0
278640,11,0,4,0.276,5.83e-05,0.973,0.127,-5.122,0.0914,0.292,105.979,HEAVYMETAL,0
372707,6,0,4,0.45,0.00379,0.98,0.24,-7.572,0.0683,0.0437,173.477,HEAVYMETAL,0
237880,7,1,4,0.255,4.98e-05,0.698,0.0882,-12.67,0.0565,0.129,49.747,HEAVYMETAL,0
345110,11,0,4,0.311,1.89e-05,0.855,0.304,-5.252,0.0589,0.0863,183.958,HEAVYMETAL,0
253693,6,1,3,0.211,7.29e-06,0.98,0.131,-4.316,0.213,0.105,167.846,HEAVYMETAL,0
188658,9,0,4,0.372,1.05e-05,0.928,0.0919,-7.788,0.0909,0.302,115.547,HEAVYMETAL,0
214053,0,0,3,0.547,0.04,0.785,0.151,-7.307,0.046,0.522,110.034,HEAVYMETAL,0
272867,10,0,4,0.516,9.53e-05,0.988,0.248,-4.268,0.0666,0.466,99.923,HEAVYMETAL,0
234200,7,1,4,0.284,1.16e-05,0.978,0.0724,-6.087,0.169,0.0735,117.147,HEAVYMETAL,0
183067,0,0,4,0.113,0.0494,0.96,0.732,-13.167,0.0726,0.231,196.269,HEAVYMETAL,0
317453,9,0,4,0.348,0.000135,0.986,0.297,-3.6,0.118,0.236,179.913,HEAVYMETAL,0
186133,7,1,4,0.24,3.19e-06,0.951,0.0893,-12.906,0.155,0.0705,104.7,HEAVYMETAL,0
164352,11,0,4,0.662,0.764,0.435,0.212,-9.15,0.034,0.56,118.02,ACOUSTIC,1
238220,6,1,4,0.706,0.791,0.349,0.108,-8.125,0.0302,0.624,94.058,ACOUSTIC,1
122344,1,0,4,0.601,0.686,0.29,0.13,-10.925,0.0308,0.268,128.046,ACOUSTIC,1
214925,3,1,3,0.642,0.777,0.326,0.426,-12.117,0.0328,0.367,133.769,ACOUSTIC,1
194874,9,1,4,0.555,0.425,0.453,0.365,-7.566,0.0509,0.636,72.776,ACOUSTIC,1
196534,5,1,4,0.627,0.102,0.628,0.121,-5.111,0.0295,0.296,132.021,ACOUSTIC,1
194885,9,0,4,0.735,0.502,0.686,0.101,-4.476,0.0329,0.961,93.918,ACOUSTIC,1
170538,9,1,4,0.418,0.657,0.384,0.0757,-9.169,0.0522,0.306,90.819,ACOUSTIC,1
226453,3,1,4,0.745,0.806,0.308,0.106,-6.825,0.0498,0.344,100.073,ACOUSTIC,1
162129,11,0,4,0.922,0.496,0.467,0.0824,-3.858,0.104,0.973,96.976,ACOUSTIC,1
105547,6,1,4,0.456,0.654,0.283,0.105,-11.647,0.0464,0.471,136.057,ACOUSTIC,1
243267,2,1,4,0.565,0.762,0.242,0.285,-8.367,0.0318,0.237,81.657,ACOUSTIC,1
189614,0,0,4,0.685,0.585,0.391,0.102,-6.723,0.0339,0.141,90.073,ACOUSTIC,1
192475,10,1,4,0.626,0.639,0.435,0.326,-7.815,0.0365,0.326,101.198,ACOUSTIC,1
243956,2,1,4,0.622,0.897,0.265,0.0893,-9.768,0.0327,0.261,92.821,ACOUSTIC,1
198520,0,1,4,0.418,0.464,0.48,0.101,-8.231,0.12,0.253,177.488,ACOUSTIC,1
212579,9,1,4,0.52,0.807,0.425,0.149,-5.736,0.0383,0.673,92.251,ACOUSTIC,1
205590,1,0,4,0.584,0.616,0.285,0.101,-7.912,0.0315,0.517,81.856,ACOUSTIC,1
186034,10,0,4,0.538,0.522,0.299,0.237,-6.78,0.0327,0.577,150.473,ACOUSTIC,1
194827,11,0,4,0.686,0.459,0.328,0.128,-5.013,0.0353,0.466,80.098,ACOUSTIC,1
153726,0,1,4,0.647,0.391,0.367,0.302,-8.674,0.0304,0.452,152.932,ACOUSTIC,1
204000,0,1,4,0.75,0.379,0.336,0.143,-8.452,0.0296,0.321,115.021,ACOUSTIC,1
146786,11,0,4,0.627,0.697,0.378,0.134,-8.863,0.126,0.643,173.671,ACOUSTIC,1
150619,8,1,4,0.559,0.933,0.235,0.143,-17.28,0.248,0.444,97.165,ACOUSTIC,1
182907,9,0,4,0.743,0.687,0.39,0.314,-6.852,0.0364,0.629,102.017,ACOUSTIC,1
171867,11,0,4,0.741,0.911,0.155,0.1,-12.068,0.0515,0.443,122.051,ACOUSTIC,1
167845,7,0,4,0.892,0.809,0.246,0.196,-8.528,0.0581,0.544,115.998,ACOUSTIC,1
193507,11,1,4,0.69,0.831,0.516,0.168,-4.216,0.0425,0.713,148.104,ACOUSTIC,1
183338,8,1,4,0.802,0.809,0.183,0.109,-17.1,0.403,0.664,91.078,ACOUSTIC,1
194221,7,0,4,0.451,0.967,0.259,0.138,-9.396,0.0389,0.354,102.25,ACOUSTIC,1
238080,9,1,4,0.692,0.844,0.274,0.0969,-11.586,0.0338,0.385,124.832,ACOUSTIC,1
145347,2,0,4,0.645,0.731,0.334,0.113,-6.709,0.0288,0.508,91.337,ACOUSTIC,1
214209,10,0,5,0.55,0.596,0.346,0.0916,-4.689,0.0602,0.809,153.47,ACOUSTIC,1
187584,7,1,4,0.726,0.919,0.223,0.121,-12.551,0.0324,0.661,94.034,ACOUSTIC,1
179782,3,0,4,0.766,0.849,0.283,0.114,-12.752,0.0538,0.474,137.917,ACOUSTIC,1
128372,4,0,4,0.462,0.846,0.277,0.138,-10.701,0.0394,0.328,135.482,ACOUSTIC,1
189532,5,0,4,0.821,0.8,0.17,0.11,-6.535,0.0386,0.396,105.855,ACOUSTIC,1
174268,4,1,4,0.603,0.894,0.328,0.109,-8.155,0.0256,0.387,98.229,ACOUSTIC,1
223441,8,1,4,0.711,0.809,0.195,0.119,-8.167,0.0285,0.369,91.903,ACOUSTIC,1
191311,8,0,4,0.554,0.832,0.293,0.108,-9.789,0.0411,0.592,100.116,ACOUSTIC,1
197851,0,0,4,0.541,0.893,0.192,0.193,-13.995,0.0282,0.317,139.938,ACOUSTIC,1
203571,6,1,4,0.476,0.824,0.451,0.181,-7.588,0.0329,0.448,91.098,ACOUSTIC,1
182502,3,1,4,0.801,0.826,0.383,0.113,-6.098,0.0323,0.564,100.033,ACOUSTIC,1
219378,6,1,4,0.664,0.694,0.302,0.139,-11.694,0.0499,0.592,146.089,ACOUSTIC,1
238971,8,0,4,0.489,0.787,0.322,0.127,-8.785,0.0265,0.416,87.381,ACOUSTIC,1
238995,3,1,3,0.555,0.692,0.412,0.112,-6.284,0.0354,0.282,163.887,ACOUSTIC,1
214451,2,1,4,0.459,0.477,0.282,0.108,-7.453,0.0304,0.417,82.789,ACOUSTIC,1
157963,0,1,4,0.725,0.779,0.196,0.107,-9.702,0.0322,0.177,95.007,ACOUSTIC,1
164479,7,1,4,0.689,0.833,0.299,0.115,-9.431,0.0301,0.52,96.825,ACOUSTIC,1
212400,0,1,4,0.489,0.907,0.183,0.106,-14.769,0.0333,0.487,79.682,ACOUSTIC,1
153067,9,1,4,0.79,0.127,0.508,0.323,-7.234,0.031,0.621,113.011,ACOUSTIC,1
228634,2,1,4,0.384,0.816,0.216,0.105,-11.372,0.0441,0.245,84.381,ACOUSTIC,1
208438,2,1,4,0.575,0.763,0.314,0.101,-7.048,0.0344,0.653,150.459,ACOUSTIC,1
186129,11,1,4,0.481,0.882,0.175,0.114,-15.214,0.03,0.207,110.224,ACOUSTIC,1
253687,3,1,3,0.482,0.897,0.184,0.105,-10.103,0.0313,0.207,111.194,ACOUSTIC,1
167500,3,1,4,0.617,0.782,0.421,0.0931,-10.535,0.028,0.566,131.947,ACOUSTIC,1
192334,6,0,4,0.664,0.607,0.205,0.0968,-10.901,0.0575,0.16,120.035,ACOUSTIC,1
174791,9,1,4,0.591,0.611,0.374,0.0806,-10.262,0.0384,0.475,95.389,ACOUSTIC,1
194974,1,1,1,0.431,0.858,0.173,0.114,-10.405,0.0412,0.392,143.496,ACOUSTIC,1
162747,2,1,4,0.663,0.482,0.387,0.137,-10.385,0.0629,0.286,78.033,ACOUSTIC,1
156107,9,0,4,0.708,0.868,0.186,0.0779,-8.953,0.0422,0.321,72.541,ACOUSTIC,1
127711,9,1,4,0.35,0.799,0.353,0.155,-11.372,0.0354,0.326,83.079,ACOUSTIC,1
187400,4,0,4,0.492,0.876,0.266,0.123,-10.597,0.0412,0.402,149.056,ACOUSTIC,1
196652,0,1,4,0.401,0.812,0.196,0.154,-13.299,0.0346,0.171,105.001,ACOUSTIC,1
191000,7,0,4,0.748,0.688,0.41,0.114,-8.312,0.0307,0.86,100.016,ACOUSTIC,1
231924,5,1,4,0.563,0.616,0.428,0.11,-7.645,0.0397,0.199,74.881,ACOUSTIC,1
193936,7,1,4,0.739,0.887,0.312,0.0695,-6.673,0.0447,0.505,78.083,ACOUSTIC,1
227413,3,1,4,0.574,0.709,0.326,0.111,-11.284,0.0301,0.563,147.921,ACOUSTIC,1
136493,11,1,4,0.636,0.591,0.401,0.08,-8.636,0.0367,0.834,95.878,ACOUSTIC,1
142177,10,0,4,0.473,0.775,0.359,0.0997,-6.126,0.0537,0.733,82.37,ACOUSTIC,1
216830,7,1,4,0.62,0.766,0.438,0.366,-6.176,0.0302,0.255,111.803,ACOUSTIC,1
208334,9,1,4,0.602,0.904,0.0938,0.0929,-11.733,0.03,0.219,100.009,ACOUSTIC,1
176880,4,1,4,0.664,0.75,0.45,0.1,-6.844,0.0285,0.512,135.923,ACOUSTIC,1
193780,11,1,4,0.567,0.885,0.173,0.111,-11.964,0.0352,0.196,117.94,ACOUSTIC,1
270893,9,1,4,0.63,0.704,0.31,0.128,-9.253,0.028,0.0712,93.067,ACOUSTIC,1
212625,3,1,4,0.674,0.845,0.265,0.111,-11.687,0.031,0.481,139.913,ACOUSTIC,1
236953,9,0,4,0.717,0.796,0.292,0.126,-11.542,0.0733,0.502,140.157,ACOUSTIC,1
219300,4,1,4,0.37,0.897,0.281,0.0952,-11.761,0.0424,0.296,75.191,ACOUSTIC,1
186661,0,1,4,0.57,0.82,0.271,0.108,-11.334,0.0304,0.273,125.862,ACOUSTIC,1
187400,4,1,4,0.517,0.542,0.291,0.163,-9.194,0.0286,0.452,155.451,ACOUSTIC,1
199463,10,1,4,0.627,0.877,0.213,0.204,-12.634,0.0349,0.18,92.054,ACOUSTIC,1
193467,10,1,4,0.542,0.75,0.398,0.104,-6.533,0.0263,0.561,78.063,ACOUSTIC,1
199487,10,1,4,0.762,0.872,0.235,0.149,-10.991,0.04,0.463,130.02,ACOUSTIC,1
210820,7,1,4,0.558,0.505,0.463,0.129,-8.401,0.0274,0.335,149.929,ACOUSTIC,1
164939,0,1,4,0.82,0.225,0.624,0.168,-6.386,0.0574,0.633,106.023,ACOUSTIC,1
158314,1,0,4,0.712,0.696,0.198,0.103,-12.006,0.042,0.704,97.83,ACOUSTIC,1
178852,4,1,4,0.553,0.861,0.229,0.103,-10.336,0.0281,0.231,126.145,ACOUSTIC,1
184286,3,1,4,0.733,0.638,0.291,0.0918,-9.201,0.0291,0.646,111.99,ACOUSTIC,1
137195,1,0,4,0.734,0.559,0.415,0.0918,-8.593,0.0305,0.364,97.954,ACOUSTIC,1
194997,3,1,4,0.483,0.804,0.483,0.0917,-7.322,0.0279,0.626,153.73,ACOUSTIC,1
173400,0,1,4,0.767,0.817,0.26,0.125,-9.315,0.0365,0.718,100.054,ACOUSTIC,1
210716,9,1,4,0.676,0.876,0.0791,0.0972,-12.692,0.033,0.18,95.833,ACOUSTIC,1
254872,4,0,3,0.576,0.845,0.219,0.0875,-11.246,0.0278,0.359,79.81,ACOUSTIC,1
158846,0,0,4,0.482,0.88,0.255,0.11,-11.004,0.0711,0.339,140.037,ACOUSTIC,1
195658,6,0,4,0.532,0.773,0.376,0.1,-7.969,0.044,0.529,170.337,ACOUSTIC,1
184900,6,1,4,0.696,0.793,0.188,0.0986,-14.328,0.0324,0.713,106.433,ACOUSTIC,1
179746,6,0,3,0.347,0.936,0.117,0.134,-17.072,0.0549,0.46,173.601,ACOUSTIC,1
249150,8,1,4,0.601,0.865,0.145,0.111,-12.255,0.0391,0.241,80.803,ACOUSTIC,1
206702,6,1,4,0.527,0.593,0.506,0.116,-4.35,0.0748,0.96,199.949,ACOUSTIC,1
199056,0,1,4,0.761,0.666,0.237,0.155,-9.12,0.0353,0.846,114.103,ACOUSTIC,1
333893,9,1,4,0.412,0.0484,0.902,0.405,-11.6,0.405,0.422,89.74,ROCK,2
227853,0,1,4,0.636,0.0245,0.682,0.147,-7.754,0.0261,0.808,114.19,ROCK,2
168406,4,0,4,0.415,4.52e-05,0.658,0.176,-12.051,0.0696,0.45,163.015,ROCK,2
370373,7,1,4,0.478,0.000265,0.774,0.191,-6.977,0.0292,0.429,112.577,ROCK,2
283733,4,0,4,0.343,0.00163,0.864,0.402,-7.708,0.0565,0.633,148.645,ROCK,2
288053,8,1,4,0.545,0.491,0.467,0.0805,-10.862,0.0305,0.444,113.713,ROCK,2
382834,9,1,1,0.469,0.0241,0.537,0.269,-10.421,0.152,0.783,124.193,ROCK,2
241080,5,1,4,0.63,0.00322,0.788,0.0883,-6.7,0.0298,0.63,120.059,ROCK,2
471160,2,1,4,0.354,0.0817,0.731,0.115,-9.178,0.0381,0.698,170.64,ROCK,2
230720,9,0,4,0.651,0.221,0.665,0.0403,-7.43,0.0269,0.647,97.996,ROCK,2
259800,9,1,4,0.357,0.0828,0.653,0.0844,-5.554,0.0654,0.522,176.647,ROCK,2
181533,3,1,4,0.442,0.00293,0.943,0.091,-3.205,0.0602,0.781,85.064,ROCK,2
377747,9,1,4,0.566,0.565,0.673,0.0438,-10.814,0.306,0.583,114.385,ROCK,2
264307,4,1,4,0.559,0.0576,0.345,0.141,-13.496,0.0459,0.458,84.581,ROCK,2
478173,7,1,4,0.346,0.575,0.335,0.185,-12.453,0.0339,0.213,84.204,ROCK,2
406307,11,1,4,0.274,0.0214,0.949,0.218,-8.642,0.0896,0.497,100.346,ROCK,2
279360,9,1,4,0.458,0.0969,0.869,0.357,-8.381,0.032,0.813,91.39,ROCK,2
210173,7,1,4,0.532,0.00287,0.767,0.39,-5.509,0.0574,0.755,127.361,ROCK,2
210373,2,1,4,0.438,0.262,0.71,0.221,-12.412,0.0919,0.53,145.928,ROCK,2
227267,1,0,4,0.645,0.221,0.598,0.0721,-13.18,0.0335,0.913,105.929,ROCK,2
354320,0,0,4,0.392,0.288,0.402,0.243,-9.961,0.0536,0.228,143.883,ROCK,2
257293,2,1,3,0.349,0.239,0.445,0.0874,-11.689,0.0815,0.425,141.817,ROCK,2
223147,0,0,4,0.53,0.0528,0.964,0.372,-2.571,0.0553,0.823,122.807,ROCK,2
318813,0,1,4,0.299,0.0748,0.443,0.177,-12.621,0.0346,0.434,139.539,ROCK,2
334744,7,1,4,0.481,0.735,0.262,0.832,-15.73,0.0414,0.375,122.883,ROCK,2
289027,2,0,4,0.558,0.321,0.524,0.94,-11.626,0.0459,0.636,93.654,ROCK,2
269813,9,1,4,0.522,0.0517,0.755,0.0781,-6.95,0.0524,0.637,151.796,ROCK,2
345680,2,1,4,0.62,0.717,0.559,0.133,-10.568,0.0369,0.527,129.401,ROCK,2
189960,7,1,4,0.514,0.308,0.692,0.118,-9.964,0.0466,0.897,149.526,ROCK,2
145867,9,1,4,0.421,0.2,0.751,0.17,-9.584,0.0472,0.789,89.839,ROCK,2
270160,7,1,4,0.411,0.21,0.898,0.243,-4.121,0.0417,0.247,90.721,ROCK,2
194440,7,1,4,0.44,0.048,0.565,0.213,-11.657,0.121,0.495,161.124,ROCK,2
448720,0,1,4,0.32,0.64,0.62,0.253,-9.686,0.0594,0.472,86.327,ROCK,2
263333,9,1,4,0.468,0.072,0.607,0.225,-11.367,0.0336,0.886,98.429,ROCK,2
257800,0,1,4,0.829,0.0671,0.487,0.127,-9.751,0.0278,0.776,120.173,ROCK,2
170813,2,1,4,0.533,0.00876,0.905,0.0698,-5.27,0.0754,0.486,108.9,ROCK,2
291686,7,1,4,0.655,0.0603,0.606,0.0757,-10.385,0.0285,0.765,110.061,ROCK,2
243827,9,1,4,0.612,0.337,0.634,0.147,-8.212,0.0319,0.904,121.059,ROCK,2
253773,9,1,4,0.37,0.00677,0.802,0.813,-4.561,0.107,0.374,122.682,ROCK,2
183373,2,1,4,0.588,0.016,0.731,0.333,-8.299,0.0398,0.606,106.177,ROCK,2
287867,9,0,4,0.536,0.000472,0.611,0.143,-11.372,0.0411,0.438,166.766,ROCK,2
287440,8,1,4,0.754,0.273,0.366,0.106,-10.07,0.0312,0.469,91.147,ROCK,2
293653,4,0,4,0.358,0.0222,0.893,0.126,-7.486,0.12,0.262,174.238,ROCK,2
310347,7,0,4,0.423,0.0021,0.954,0.177,-3.157,0.047,0.5,144.553,ROCK,2
289907,11,0,3,0.291,0.00133,0.79,0.0811,-5.683,0.0363,0.513,155.667,ROCK,2
266720,8,1,4,0.445,0.234,0.706,0.205,-9.803,0.0461,0.768,80.823,ROCK,2
241600,0,1,4,0.572,0.171,0.835,0.0702,-6.219,0.0317,0.796,129.994,ROCK,2
547107,0,1,4,0.249,0.0738,0.834,0.0924,-8.21,0.0577,0.338,118.223,ROCK,2
208400,6,0,4,0.573,0.0591,0.913,0.156,-4.793,0.132,0.422,115.715,ROCK,2
230480,4,0,4,0.545,0.00249,0.64,0.196,-9.937,0.224,0.606,80.544,ROCK,2
211578,7,1,4,0.575,0.343,0.67,0.129,-10.39,0.0318,0.74,139.191,ROCK,2
233947,0,1,4,0.225,0.00837,0.951,0.219,-4.654,0.0924,0.471,173.241,ROCK,2
220267,5,1,4,0.603,0.00554,0.929,0.0873,-6.257,0.0369,0.807,135.621,ROCK,2
269360,9,1,4,0.676,0.00101,0.92,0.248,-7.96,0.0435,0.624,126.341,ROCK,2
258547,4,0,4,0.493,0.665,0.236,0.0744,-13.638,0.0293,0.375,130.341,ROCK,2
314093,7,1,4,0.56,0.233,0.543,0.335,-8.433,0.0288,0.661,85.119,ROCK,2
286220,9,1,4,0.667,0.0966,0.755,0.0523,-7.246,0.069,0.883,109.535,ROCK,2
216733,1,0,4,0.432,0.0206,0.88,0.185,-5.769,0.0656,0.527,95.59,ROCK,2
304840,2,1,4,0.602,0.000202,0.905,0.117,-4.046,0.0775,0.411,128.019,ROCK,2
269720,9,0,3,0.315,0.000825,0.534,0.101,-7.552,0.031,0.283,116.89,ROCK,2
213800,2,1,4,0.613,0.00148,0.953,0.152,-3.435,0.0855,0.537,105.046,ROCK,2
229467,1,0,4,0.456,0.000419,0.79,0.105,-5.598,0.0292,0.355,90.4,ROCK,2
210107,5,1,4,0.294,0.05,0.745,0.676,-9.138,0.0461,0.347,134.364,ROCK,2
204560,6,1,4,0.432,0.0865,0.824,0.288,-9.518,0.189,0.701,122.299,ROCK,2
268507,7,1,4,0.744,0.175,0.798,0.26,-5.981,0.0364,0.89,125.061,ROCK,2
285160,0,1,4,0.601,0.181,0.593,0.121,-11.685,0.0257,0.902,97.784,ROCK,2
269920,4,1,4,0.27,0.00501,0.944,0.116,-4.199,0.0975,0.606,146.347,ROCK,2
391376,2,1,4,0.579,0.00574,0.508,0.0575,-9.484,0.027,0.609,147.125,ROCK,2
511293,2,1,4,0.685,0.233,0.806,0.105,-12.151,0.0497,0.31,134.889,ROCK,2
284200,7,1,4,0.402,0.00407,0.777,0.045,-4.981,0.0282,0.324,108.759,ROCK,2
238747,0,1,4,0.694,0.0781,0.394,0.247,-15.881,0.0428,0.719,104.126,ROCK,2
251227,2,1,4,0.804,0.609,0.61,0.105,-11.51,0.0331,0.849,125.07,ROCK,2
310333,6,0,4,0.536,0.0628,0.844,0.0608,-6.918,0.058,0.185,117.652,ROCK,2
297000,10,1,4,0.395,0.293,0.59,0.325,-14.027,0.0436,0.145,117.42,ROCK,2
267800,4,0,4,0.611,0.157,0.814,0.0648,-10.446,0.0552,0.743,111.221,ROCK,2
515867,7,1,4,0.527,0.6,0.509,0.144,-10.893,0.0628,0.497,138.317,ROCK,2
369600,0,1,4,0.483,0.729,0.721,0.189,-6.836,0.032,0.562,95.261,ROCK,2
248907,4,1,4,0.491,0.25,0.802,0.387,-7.106,0.0392,0.472,119.25,ROCK,2
276880,9,1,4,0.536,0.00145,0.901,0.06,-7.211,0.0374,0.666,87.559,ROCK,2
256093,9,1,4,0.812,0.0338,0.407,0.0555,-8.152,0.0433,0.584,103.968,ROCK,2
235933,2,1,4,0.449,0.000416,0.546,0.13,-11.945,0.0412,0.822,119.002,ROCK,2
250627,0,1,4,0.52,0.0665,0.887,0.186,-3.296,0.0349,0.793,122.528,ROCK,2
296200,9,1,4,0.453,0.361,0.906,0.26,-4.001,0.115,0.473,137.575,ROCK,2
212933,2,1,4,0.497,0.0155,0.852,0.0793,-5.517,0.0405,0.713,138.8,ROCK,2
252453,2,0,4,0.298,0.000168,0.799,0.496,-6.962,0.0464,0.561,143.072,ROCK,2
354520,6,1,4,0.454,0.0852,0.91,0.116,-7.766,0.0446,0.63,125.116,ROCK,2
274133,9,1,4,0.38,0.00298,0.76,0.104,-10.961,0.0378,0.491,99.437,ROCK,2
261532,9,1,4,0.497,0.00985,0.849,0.106,-5.352,0.0612,0.72,169.937,ROCK,2
294000,4,0,4,0.432,0.274,0.848,0.233,-8.095,0.0878,0.743,81.201,ROCK,2
228560,2,1,4,0.769,0.229,0.431,0.054,-14.424,0.0958,0.91,119.836,ROCK,2
506400,2,0,4,0.667,0.0491,0.655,0.0641,-9.339,0.0367,0.657,134.212,ROCK,2
245454,2,1,4,0.663,0.144,0.719,0.171,-8.785,0.0565,0.538,113.457,ROCK,2
222280,3,1,4,0.575,0.0582,0.909,0.0724,-8.003,0.0654,0.693,137.335,ROCK,2
201867,7,1,4,0.519,0.000312,0.934,0.137,-7.137,0.0471,0.586,138.162,ROCK,2
188240,2,1,4,0.742,0.0838,0.844,0.418,-6.441,0.111,0.85,113.371,ROCK,2
255493,9,1,4,0.31,0.011,0.7,0.0828,-5.678,0.047,0.763,188.386,ROCK,2
279973,1,1,4,0.31,0.000416,0.874,0.0695,-11.889,0.152,0.096,131.717,ROCK,2
167053,3,0,4,0.337,0.0236,0.993,0.114,-4.116,0.226,0.195,140.572,ROCK,2
261933,4,0,4,0.547,0.015,0.691,0.144,-13.553,0.0369,0.667,137.148,ROCK,2
256960,0,1,4,0.489,0.287,0.676,0.389,-8.769,0.0367,0.623,89.735,ROCK,2
183290,11,0,4,0.794,0.0125,0.793,0.0952,-4.521,0.0842,0.677,123.941,POP,3
219947,6,1,4,0.798,0.0912,0.675,0.0894,-5.041,0.0442,0.842,101.956,POP,3
190800,9,0,4,0.759,0.0392,0.548,0.0828,-6.049,0.029,0.749,116.967,POP,3
207039,11,0,4,0.74,0.0169,0.498,0.319,-6.684,0.0456,0.652,98.016,POP,3
182161,1,1,4,0.501,0.751,0.405,0.105,-5.679,0.0319,0.446,109.891,POP,3
206459,4,1,4,0.505,0.576,0.34,0.21,-9.005,0.0438,0.0916,101.993,POP,3
197867,5,0,4,0.64,0.124,0.648,0.0802,-8.113,0.187,0.548,92.977,POP,3
178640,1,0,4,0.725,0.578,0.321,0.0884,-10.744,0.323,0.319,70.142,POP,3
181012,8,1,4,0.639,0.405,0.602,0.117,-6.331,0.0314,0.444,129.968,POP,3
178480,9,1,4,0.674,0.296,0.881,0.0793,-2.853,0.147,0.234,98.994,POP,3
221096,9,0,4,0.626,0.051,0.55,0.118,-5.105,0.029,0.123,133.976,POP,3
162864,11,1,3,0.407,0.375,0.697,0.125,-5.612,0.342,0.632,179.681,POP,3
207133,8,1,4,0.676,0.0237,0.771,0.102,-3.675,0.0483,0.569,99.048,POP,3
170746,8,1,4,0.724,0.018,0.491,0.0887,-6.024,0.0296,0.383,105.046,POP,3
177667,7,0,4,0.815,0.223,0.518,0.104,-6.594,0.0897,0.877,151.891,POP,3
223523,8,1,4,0.77,0.194,0.882,0.316,-4.792,0.0602,0.385,99.991,POP,3
180531,8,1,4,0.83,0.289,0.536,0.11,-6.642,0.0477,0.625,112.977,POP,3
187436,1,1,4,0.719,0.0691,0.704,0.166,-4.724,0.0476,0.628,133.002,POP,3
181040,1,0,4,0.842,0.0427,0.734,0.106,-5.065,0.0588,0.952,137.958,POP,3
161178,2,1,4,0.84,0.0878,0.724,0.0301,-5.353,0.109,0.431,101.994,POP,3
171774,11,0,4,0.888,0.068,0.42,0.569,-10.197,0.133,0.887,122.04,POP,3
189133,9,0,4,0.721,0.05,0.805,0.153,-4.134,0.0927,0.653,118.058,POP,3
200000,9,1,4,0.586,0.806,0.694,0.103,-4.511,0.0353,0.571,105.015,POP,3
190800,2,1,4,0.692,0.524,0.809,0.147,-4.198,0.0602,0.864,123.911,POP,3
172507,2,0,4,0.484,0.487,0.426,0.279,-7.407,0.106,0.417,98.454,POP,3
219080,1,0,4,0.681,0.00464,0.865,0.149,-4.132,0.0594,0.528,91.017,POP,3
202280,0,1,4,0.714,0.267,0.658,0.176,-5.497,0.0315,0.766,81.553,POP,3
202267,6,0,4,0.712,0.072,0.764,0.0708,-5.57,0.0293,0.962,125.053,POP,3
219742,4,0,4,0.377,0.0197,0.651,0.174,-5.437,0.0588,0.0851,129.698,POP,3
176417,8,1,4,0.605,0.00548,0.664,0.204,-7.162,0.0316,0.164,103.997,POP,3
179842,5,1,4,0.537,0.0362,0.612,0.0926,-4.777,0.051,0.308,92.178,POP,3
194088,7,1,4,0.701,0.328,0.425,0.1,-10.965,0.375,0.562,135.128,POP,3
198286,11,0,4,0.718,0.388,0.638,0.112,-8.48,0.259,0.183,97.025,POP,3
219933,6,1,4,0.691,0.184,0.733,0.341,-5.02,0.0368,0.797,153.976,POP,3
211522,4,0,4,0.817,0.376,0.445,0.107,-7.21,0.103,0.273,97.024,POP,3
213185,0,0,4,0.737,0.0667,0.698,0.313,-4.884,0.0473,0.806,96.893,POP,3
189600,0,1,4,0.694,0.372,0.519,0.113,-9.29,0.0638,0.245,100.061,POP,3
157493,5,1,4,0.505,0.489,0.428,0.0977,-5.604,0.221,0.618,175.813,POP,3
179831,6,1,4,0.79,0.0825,0.684,0.106,-4.372,0.0525,0.236,110.984,POP,3
230889,0,1,4,0.749,0.0601,0.665,0.0855,-9.776,0.0367,0.3,104.972,POP,3
179440,7,1,4,0.718,0.00455,0.581,0.0726,-6.285,0.103,0.406,100.987,POP,3
195747,7,0,3,0.585,0.034,0.525,0.139,-5.915,0.0817,0.533,167.811,POP,3
173325,4,0,4,0.715,0.11,0.624,0.123,-3.046,0.114,0.412,158.087,POP,3
197000,10,1,4,0.702,0.0943,0.786,0.0908,-4.973,0.0422,0.731,119.979,POP,3
158900,7,1,4,0.759,0.156,0.605,0.694,-7.737,0.0433,0.64,121.049,POP,3
240316,0,0,4,0.713,0.0677,0.612,0.208,-9.555,0.0827,0.572,126.65,POP,3
183000,0,1,4,0.795,0.108,0.496,0.0645,-5.883,0.0722,0.874,94.01,POP,3
169813,0,0,4,0.622,0.667,0.796,0.106,-2.999,0.172,0.62,197.705,POP,3
217653,7,1,4,0.591,0.225,0.702,0.414,-5.59,0.0289,0.501,104.003,POP,3
202082,1,0,4,0.713,0.00653,0.712,0.244,-6.098,0.0364,0.428,102.035,POP,3
231999,9,0,4,0.611,0.0188,0.622,0.359,-5.075,0.0734,0.538,146.11,POP,3
180296,5,1,4,0.73,0.487,0.648,0.0843,-5.867,0.111,0.493,100.156,POP,3
221543,7,1,4,0.853,0.39,0.351,0.752,-10.198,0.241,0.282,118.028,POP,3
162583,11,1,4,0.599,0.176,0.733,0.242,-7.058,0.203,0.534,102.211,POP,3
157202,5,0,4,0.802,0.272,0.645,0.119,-6.181,0.0715,0.376,100.001,POP,3
163621,3,0,4,0.708,0.559,0.633,0.448,-5.112,0.218,0.603,173.955,POP,3
177391,1,1,3,0.652,0.0519,0.453,0.179,-6.119,0.0445,0.432,88.038,POP,3
214345,7,1,4,0.461,0.254,0.806,0.113,-6.636,0.119,0.462,72.531,POP,3
193143,8,1,4,0.905,0.74,0.389,0.106,-14.505,0.332,0.196,120.046,POP,3
201661,6,1,4,0.752,0.297,0.488,0.0936,-7.05,0.0705,0.533,136.041,POP,3
169175,1,0,4,0.655,0.716,0.569,0.135,-5.018,0.0349,0.44,150.267,POP,3
157879,3,1,4,0.67,0.0685,0.749,0.261,-8.075,0.0389,0.236,124.01,POP,3
201072,8,1,4,0.669,0.268,0.801,0.0594,-5.445,0.136,0.541,109.919,POP,3
158733,4,0,4,0.595,0.0709,0.442,0.139,-12.899,0.282,0.297,48.702,POP,3
198664,5,1,4,0.68,0.622,0.587,0.209,-6.141,0.18,0.623,86.886,POP,3
150333,11,0,4,0.514,0.175,0.618,0.117,-4.585,0.0317,0.401,84.259,POP,3
201639,10,0,4,0.504,0.0945,0.672,0.0815,-5.53,0.0484,0.406,74.962,POP,3
175823,7,1,4,0.724,0.0648,0.702,0.121,-4.622,0.0429,0.688,106.044,POP,3
189173,8,1,4,0.678,0.0658,0.729,0.303,-4.188,0.137,0.643,99.895,POP,3
190932,11,1,4,0.665,0.423,0.699,0.0969,-5.265,0.0578,0.585,124.896,POP,3
189153,9,1,4,0.781,0.386,0.456,0.0767,-7.051,0.0381,0.544,117.976,POP,3
212142,9,0,4,0.644,0.629,0.721,0.146,-8.495,0.431,0.233,101.503,POP,3
185600,5,0,4,0.475,0.13,0.813,0.144,-5.996,0.0494,0.225,149.888,POP,3
183027,6,1,4,0.682,0.0737,0.656,0.353,-4.67,0.0435,0.607,130.089,POP,3
207333,1,1,4,0.724,0.28,0.647,0.102,-5.642,0.0658,0.435,106.96,POP,3
183840,2,1,4,0.746,0.0311,0.55,0.126,-9.68,0.0598,0.522,97.018,POP,3
194695,11,0,4,0.657,0.00558,0.83,0.126,-3.988,0.048,0.587,111.011,POP,3
173307,0,1,4,0.538,0.652,0.463,0.087,-6.185,0.0295,0.376,132.944,POP,3
213173,5,1,4,0.735,0.21,0.688,0.106,-5.471,0.104,0.282,110.045,POP,3
214227,1,1,4,0.404,0.215,0.531,0.0521,-4.328,0.103,0.321,164.848,POP,3
203418,7,0,4,0.596,0.0169,0.854,0.124,-5.114,0.463,0.152,120.274,POP,3
191496,6,1,4,0.775,0.033,0.872,0.298,-4.194,0.0469,0.379,122.994,POP,3
196589,0,0,4,0.503,0.488,0.504,0.122,-6.843,0.416,0.67,85.39,POP,3
180760,6,0,4,0.654,0.0599,0.528,0.0975,-6.224,0.0412,0.376,82.014,POP,3
214027,2,1,4,0.82,0.428,0.582,0.0419,-4.441,0.0454,0.309,112.064,POP,3
228207,5,0,4,0.757,0.173,0.849,0.0878,-3.424,0.0536,0.826,150.036,POP,3
205463,9,0,4,0.55,0.161,0.415,0.108,-6.557,0.052,0.274,172.065,POP,3
190022,4,1,4,0.527,0.172,0.747,0.0882,-6.768,0.0482,0.281,83.032,POP,3
198006,2,0,4,0.664,0.111,0.831,0.0596,-4.472,0.0435,0.696,125.058,POP,3
190867,6,0,4,0.518,0.569,0.596,0.133,-6.653,0.124,0.326,100.28,POP,3
209773,7,1,4,0.689,0.195,0.679,0.224,-5.893,0.0517,0.475,149.972,POP,3
205533,11,0,4,0.739,0.049,0.621,0.0718,-6.929,0.238,0.462,85.969,POP,3
193924,7,1,4,0.623,0.0228,0.851,0.12,-3.111,0.0409,0.4,100.063,POP,3
180493,6,0,4,0.856,0.193,0.632,0.0688,-3.692,0.074,0.697,112.009,POP,3
219640,1,0,4,0.65,0.135,0.718,0.106,-4.365,0.0384,0.686,114.034,POP,3
186987,1,0,4,0.697,0.0372,0.683,0.137,-2.881,0.117,0.603,96.133,POP,3
173800,6,0,4,0.56,0.555,0.68,0.116,-7.648,0.321,0.319,89.391,POP,3
194230,1,1,4,0.859,0.132,0.413,0.334,-7.399,0.182,0.697,115.035,POP,3
208812,5,1,4,0.752,0.0797,0.706,0.129,-6.274,0.0636,0.33,125.041,POP,3
197293,11,0,4,0.612,0.279,0.57,0.0963,-6.642,0.0347,0.335,77.004,POP,3
207440,5,1,4,0.306,0.84,0.117,0.121,-18.713,0.0322,0.142,74.319,JAZZ,4
137467,5,1,4,0.273,0.848,0.373,0.188,-9.989,0.0341,0.147,77.591,JAZZ,4
353267,0,1,4,0.654,0.595,0.311,0.125,-13.314,0.106,0.677,122.167,JAZZ,4
258160,10,0,4,0.477,0.956,0.258,0.193,-13.693,0.0328,0.225,110.064,JAZZ,4
211893,10,0,4,0.516,0.933,0.24,0.162,-13.131,0.0404,0.277,112.981,JAZZ,4
215240,7,1,5,0.296,0.851,0.22,0.153,-13.096,0.0325,0.212,116.916,JAZZ,4
224413,9,1,4,0.508,0.927,0.332,0.106,-9.224,0.104,0.21,72.099,JAZZ,4
277760,4,0,3,0.312,0.931,0.133,0.308,-17.037,0.0394,0.199,171.443,JAZZ,4
120960,4,1,4,0.449,0.131,0.508,0.15,-10.505,0.0849,0.477,74.662,JAZZ,4
109973,9,1,4,0.523,0.518,0.335,0.164,-13.115,0.0582,0.856,176.65,JAZZ,4
176480,5,0,4,0.713,0.974,0.134,0.127,-13.838,0.0948,0.599,144.67,JAZZ,4
147520,4,0,4,0.567,0.549,0.298,0.0797,-12.269,0.0608,0.372,119.966,JAZZ,4
174867,10,0,4,0.453,0.715,0.233,0.118,-13.106,0.0331,0.617,143.745,JAZZ,4
183000,7,0,4,0.37,0.8,0.207,0.0918,-14.98,0.0471,0.159,63.418,JAZZ,4
135787,0,0,5,0.604,0.409,0.506,0.141,-7.045,0.0662,0.801,163.29,JAZZ,4
106933,0,1,4,0.565,0.782,0.213,0.102,-11.172,0.0699,0.587,162.696,JAZZ,4
303733,3,1,4,0.255,0.315,0.366,0.729,-9.858,0.043,0.125,88.287,JAZZ,4
154509,7,1,4,0.486,0.666,0.225,0.68,-20.213,0.0479,0.87,149.6,JAZZ,4
236427,5,1,4,0.471,0.685,0.275,0.104,-12.791,0.0449,0.303,80.59,JAZZ,4
348880,0,1,4,0.586,0.733,0.422,0.131,-14.827,0.0914,0.778,89.223,JAZZ,4
330093,0,0,4,0.485,0.39,0.551,0.0814,-11.115,0.0283,0.452,116.162,JAZZ,4
187440,10,1,4,0.589,0.663,0.434,0.0834,-16.381,0.0435,0.84,101.434,JAZZ,4
234320,0,0,4,0.604,0.3,0.34,0.0896,-9.571,0.0619,0.36,127.992,JAZZ,4
149346,5,0,4,0.615,0.826,0.175,0.146,-14.561,0.0485,0.675,122.083,JAZZ,4
364360,1,0,4,0.579,0.381,0.597,0.326,-6.541,0.111,0.703,119.922,JAZZ,4
233573,6,1,4,0.59,0.223,0.564,0.273,-10.011,0.095,0.954,106.648,JAZZ,4
308088,7,1,4,0.512,0.859,0.312,0.132,-10.441,0.0548,0.438,86.268,JAZZ,4
259187,5,0,4,0.622,0.829,0.153,0.118,-17.999,0.042,0.407,124.327,JAZZ,4
203693,8,1,4,0.71,0.458,0.299,0.0547,-12.761,0.0628,0.705,109.313,JAZZ,4
217627,6,0,4,0.753,0.858,0.407,0.0968,-10.386,0.0711,0.522,118.314,JAZZ,4
202093,0,1,4,0.677,0.34,0.498,0.163,-8.549,0.0703,0.715,89.021,JAZZ,4
188067,2,0,4,0.713,0.753,0.639,0.0878,-5.529,0.0313,0.737,125.959,JAZZ,4
141133,0,0,4,0.438,0.941,0.00756,0.109,-26.44,0.0382,0.277,133.32,JAZZ,4
354567,0,1,4,0.65,0.723,0.32,0.0949,-12.994,0.102,0.638,122.052,JAZZ,4
143693,0,1,4,0.581,0.871,0.426,0.143,-16.366,0.169,0.951,83.85,JAZZ,4
222380,0,1,3,0.604,0.958,0.0123,0.0886,-18.155,0.149,0.216,123.202,JAZZ,4
149600,1,1,4,0.569,0.75,0.275,0.0666,-9.897,0.0399,0.509,118.431,JAZZ,4
172480,2,0,4,0.521,0.723,0.516,0.257,-7.456,0.0369,0.569,136.483,JAZZ,4
251867,2,0,4,0.583,0.627,0.614,0.401,-5.816,0.0737,0.482,140.736,JAZZ,4
154133,7,1,4,0.558,0.329,0.507,0.0958,-7.798,0.0396,0.533,121.965,JAZZ,4
204907,2,1,4,0.312,0.587,0.497,0.246,-6.95,0.0309,0.546,94.311,JAZZ,4
373943,3,1,4,0.439,0.9,0.181,0.0942,-15.371,0.0333,0.222,128.928,JAZZ,4
212280,9,1,3,0.325,0.433,0.275,0.159,-9.867,0.0463,0.232,203.045,JAZZ,4
148160,2,0,4,0.73,0.824,0.39,0.229,-6.147,0.046,0.478,125.187,JAZZ,4
198307,6,1,4,0.576,0.559,0.4,0.0883,-12.755,0.0453,0.768,116.129,JAZZ,4
149693,0,1,3,0.266,0.936,0.0626,0.163,-19.122,0.0391,0.162,169.556,JAZZ,4
182053,0,1,4,0.796,0.952,0.432,0.0602,-11.131,0.0581,0.848,111.484,JAZZ,4
296255,8,1,4,0.558,0.475,0.399,0.179,-11.246,0.0793,0.505,118.617,JAZZ,4
161567,0,0,4,0.636,0.505,0.492,0.188,-10.521,0.0468,0.814,142.976,JAZZ,4
123427,6,0,4,0.541,0.905,0.153,0.111,-12.37,0.0357,0.202,78.69,JAZZ,4
178533,5,0,4,0.735,0.866,0.217,0.0483,-11.736,0.0531,0.519,118.549,JAZZ,4
156413,4,1,3,0.574,0.955,0.19,0.0971,-9.594,0.0313,0.496,127.273,JAZZ,4
280555,0,0,4,0.489,0.903,0.29,0.106,-11.186,0.0298,0.506,104.052,JAZZ,4
167587,1,1,4,0.59,0.962,0.291,0.104,-8.092,0.0822,0.916,158.99,JAZZ,4
129907,8,0,4,0.593,0.0841,0.752,0.197,-6.617,0.0313,0.935,172.087,JAZZ,4
367133,9,1,4,0.488,0.783,0.48,0.14,-10.634,0.032,0.506,135.135,JAZZ,4
356960,0,0,3,0.351,0.888,0.135,0.0881,-13.622,0.0322,0.187,76.492,JAZZ,4
184800,7,0,4,0.464,0.696,0.338,0.145,-12.114,0.0547,0.639,104.927,JAZZ,4
232133,1,1,4,0.41,0.932,0.121,0.161,-14.988,0.0351,0.258,79.322,JAZZ,4
259187,5,0,4,0.622,0.829,0.153,0.118,-17.999,0.042,0.407,124.327,JAZZ,4
449147,3,1,4,0.426,0.753,0.383,0.128,-12.533,0.0351,0.378,113.959,JAZZ,4
387507,8,1,4,0.579,0.918,0.262,0.131,-15.437,0.0375,0.358,133.14,JAZZ,4
288173,5,1,4,0.383,0.911,0.0305,0.0966,-21.459,0.0332,0.172,64.27,JAZZ,4
218240,1,1,4,0.732,0.864,0.276,0.096,-12.828,0.0427,0.668,139.821,JAZZ,4
261155,10,0,4,0.389,0.971,0.00475,0.0639,-21.535,0.0499,0.127,113.066,JAZZ,4
373600,0,1,4,0.569,0.592,0.499,0.0855,-9.919,0.0281,0.53,136.338,JAZZ,4
206213,8,1,4,0.214,0.933,0.281,0.204,-9.835,0.031,0.29,74.096,JAZZ,4
392173,5,0,4,0.601,0.739,0.515,0.0676,-9.965,0.0616,0.535,122.125,JAZZ,4
346773,5,0,4,0.465,0.872,0.193,0.144,-23.373,0.0405,0.774,119.138,JAZZ,4
285307,11,0,4,0.402,0.849,0.187,0.959,-15.635,0.0962,0.27,87.039,JAZZ,4
171493,0,1,4,0.686,0.841,0.264,0.2,-11.925,0.0618,0.769,72.506,JAZZ,4
278653,7,0,3,0.269,0.916,0.269,0.107,-11.231,0.0275,0.0507,80.602,JAZZ,4
164867,4,0,3,0.39,0.909,0.05,0.0832,-14.448,0.0544,0.16,174.401,JAZZ,4
480187,2,1,4,0.505,0.647,0.805,0.101,-5.759,0.0389,0.667,123.824,JAZZ,4
232933,5,1,4,0.517,0.922,0.157,0.125,-13.545,0.0365,0.356,88.937,JAZZ,4
250493,10,0,4,0.691,0.847,0.19,0.55,-18.906,0.0941,0.322,114.277,JAZZ,4
262120,7,1,4,0.841,0.047,0.54,0.153,-10.038,0.1,0.595,79.004,JAZZ,4
407667,0,0,4,0.54,0.28,0.496,0.161,-12.514,0.0386,0.788,105.751,JAZZ,4
277960,8,0,4,0.479,0.419,0.4,0.0906,-13.399,0.0355,0.173,82.076,JAZZ,4
476067,0,0,4,0.527,0.534,0.204,0.0519,-17.195,0.057,0.756,79.428,JAZZ,4
214960,5,0,4,0.824,0.497,0.452,0.0956,-8.243,0.05,0.656,104.945,JAZZ,4
264840,5,0,3,0.357,0.935,0.186,0.483,-15.817,0.0349,0.246,129.154,JAZZ,4
400872,1,1,3,0.475,0.598,0.35,0.144,-13.903,0.0368,0.669,110.149,JAZZ,4
216320,2,0,4,0.743,0.707,0.408,0.0997,-14.223,0.0361,0.593,141.419,JAZZ,4
447173,5,0,4,0.658,0.734,0.624,0.097,-8.596,0.0344,0.581,146.168,JAZZ,4
171013,1,1,1,0.575,0.28,0.319,0.0888,-11.297,0.0354,0.334,124.403,JAZZ,4
231213,10,1,3,0.548,0.934,0.12,0.102,-12.556,0.033,0.318,72.534,JAZZ,4
243160,2,1,4,0.58,0.935,0.278,0.693,-17.383,0.146,0.386,76.164,JAZZ,4
225067,0,1,4,0.616,0.742,0.476,0.159,-7.241,0.0385,0.294,78.096,JAZZ,4
216524,5,0,4,0.7,0.657,0.265,0.27,-11.858,0.132,0.574,95.829,JAZZ,4
234587,5,0,4,0.621,0.793,0.283,0.097,-15.375,0.0449,0.747,93.251,JAZZ,4
468320,5,0,3,0.341,0.306,0.63,0.274,-9.671,0.0467,0.463,155.966,JAZZ,4
253933,0,1,4,0.524,0.957,0.108,0.139,-18.361,0.0493,0.322,127.982,JAZZ,4
176040,9,1,4,0.534,0.567,0.559,0.111,-5.22,0.0358,0.746,69.878,JAZZ,4
320773,5,0,4,0.355,0.924,0.152,0.126,-14.864,0.0401,0.145,65.215,JAZZ,4
160665,7,1,4,0.223,0.968,0.35,0.151,-13.08,0.0377,0.64,73.224,JAZZ,4
202080,9,1,4,0.732,0.926,0.33,0.1,-13.463,0.0322,0.38,103.991,JAZZ,4
264400,7,1,4,0.389,0.824,0.186,0.101,-15.523,0.0348,0.266,93.659,JAZZ,4
171733,5,0,4,0.563,0.622,0.33,0.227,-10.247,0.0299,0.419,92.699,JAZZ,4
295240,9,0,3,0.474,0.963,0.0676,0.14,-16.101,0.0363,0.248,115.719,JAZZ,4
198625,1,0,4,0.537,0.348,0.863,0.151,-3.25,0.048,0.383,145.116,TRAP,5
208074,8,0,4,0.664,0.0559,0.927,0.103,-3.498,0.14,0.874,160.042,TRAP,5
215040,1,1,4,0.752,0.0207,0.946,0.0834,-3.503,0.078,0.465,124.998,TRAP,5
159619,11,1,4,0.704,0.0959,0.868,0.439,-3.462,0.0563,0.238,99.924,TRAP,5
189822,8,1,4,0.802,0.144,0.669,0.132,-3.186,0.13,0.0396,110.044,TRAP,5
186873,7,1,3,0.639,0.00609,0.92,0.0786,-4.878,0.124,0.311,149.863,TRAP,5
175389,8,0,4,0.457,0.064,0.88,0.203,-5.962,0.266,0.31,146.067,TRAP,5
143298,2,1,4,0.763,0.0171,0.766,0.0251,-4.538,0.262,0.424,94.02,TRAP,5
174058,8,1,4,0.737,0.0198,0.985,0.314,-5.254,0.299,0.306,74.991,TRAP,5
188571,9,1,4,0.516,0.0117,0.893,0.788,-5.85,0.376,0.609,168.024,TRAP,5
188690,6,0,3,0.488,0.0369,0.674,0.305,-5.807,0.236,0.0803,144.935,TRAP,5
261441,0,0,4,0.603,0.016,0.665,0.138,-5.372,0.0655,0.184,160.018,TRAP,5
195000,0,1,4,0.611,0.221,0.811,0.152,-5.669,0.155,0.0948,96.012,TRAP,5
264804,4,0,4,0.367,0.0801,0.699,0.106,-6.957,0.0829,0.104,149.732,TRAP,5
159333,0,1,4,0.605,0.0608,0.662,0.131,-7.483,0.0394,0.229,90.025,TRAP,5
198400,9,1,4,0.417,0.0149,0.982,0.282,-2.732,0.185,0.195,149.972,TRAP,5
260505,7,1,4,0.91,0.11,0.851,0.0803,-4.701,0.212,0.444,105.968,TRAP,5
214400,9,1,5,0.563,0.000151,0.701,0.157,-6.863,0.0412,0.0367,75.04,TRAP,5
133538,2,1,4,0.603,0.00867,0.735,0.101,-7.566,0.13,0.214,159.945,TRAP,5
169993,4,1,4,0.584,0.0033,0.816,0.639,-6.882,0.0641,0.126,149.962,TRAP,5
314315,4,0,4,0.683,0.0233,0.883,0.058,-5.182,0.0428,0.651,126.013,TRAP,5
214038,9,1,4,0.631,0.000399,0.888,0.11,-6.262,0.0763,0.135,130.037,TRAP,5
182857,7,1,4,0.796,0.013,0.78,0.111,-5.582,0.148,0.365,128.092,TRAP,5
180800,8,1,4,0.636,0.00336,0.857,0.115,-6.497,0.132,0.326,149.979,TRAP,5
184556,7,0,4,0.618,0.101,0.951,0.384,-3.836,0.341,0.472,147.915,TRAP,5
207693,10,0,4,0.607,0.000428,0.942,0.111,-3.876,0.0857,0.164,150.074,TRAP,5
171818,1,1,4,0.769,0.00152,0.934,0.302,-4.611,0.123,0.475,109.981,TRAP,5
230083,8,1,4,0.665,0.275,0.56,0.297,-8.936,0.0732,0.148,121.016,TRAP,5
216476,1,1,4,0.442,0.141,0.646,0.332,-10.53,0.204,0.483,163.79,TRAP,5
244323,9,0,4,0.501,0.00228,0.93,0.701,-3.256,0.21,0.0668,150.069,TRAP,5
151771,1,1,4,0.735,0.00277,0.818,0.0866,-4.446,0.0613,0.2,130.023,TRAP,5
284800,7,0,4,0.409,0.116,0.938,0.341,-2.504,0.158,0.208,149.974,TRAP,5
193604,8,0,4,0.631,0.0539,0.965,0.877,-4.163,0.076,0.492,150.001,TRAP,5
212800,1,1,4,0.416,0.179,0.643,0.348,-2.7,0.081,0.134,150.033,TRAP,5
131814,1,1,4,0.677,0.192,0.625,0.466,-5.798,0.309,0.0919,145.161,TRAP,5
160530,9,1,4,0.63,0.0267,0.767,0.364,-4.891,0.076,0.325,104.913,TRAP,5
183724,7,0,4,0.622,0.0752,0.943,0.49,-2.787,0.162,0.334,144.98,TRAP,5
158413,5,0,4,0.276,0.25,0.582,0.412,-7.496,0.0578,0.124,85.649,TRAP,5
167172,8,1,4,0.864,0.0756,0.452,0.0547,-5.974,0.16,0.402,145.004,TRAP,5
193867,10,0,4,0.543,0.000279,0.827,0.194,-4.25,0.0459,0.103,150.001,TRAP,5
152143,1,1,4,0.894,0.0196,0.402,0.0611,-10.246,0.0691,0.406,111.968,TRAP,5
122107,1,1,4,0.475,0.00175,0.946,0.757,-4.614,0.225,0.383,75.157,TRAP,5
174307,4,0,4,0.588,0.351,0.779,0.371,-4.284,0.107,0.264,150.015,TRAP,5
137600,4,0,4,0.574,0.000959,0.898,0.313,-5.568,0.0661,0.213,150.01,TRAP,5
216828,5,0,4,0.596,0.000178,0.922,0.139,-4.686,0.199,0.116,145.071,TRAP,5
162680,1,1,4,0.664,0.0629,0.895,0.156,-5.398,0.465,0.372,150.079,TRAP,5
230699,5,0,4,0.738,0.00328,0.773,0.112,-5.522,0.0447,0.162,115.981,TRAP,5
187742,2,1,4,0.859,0.00666,0.76,0.241,-5.592,0.0846,0.176,124.013,TRAP,5
140063,9,1,4,0.609,0.0131,0.984,0.118,-3.334,0.178,0.387,150.179,TRAP,5
340013,5,0,4,0.431,0.249,0.857,0.182,-6.041,0.151,0.12,120.206,TRAP,5
219200,5,0,4,0.738,0.0477,0.946,0.0722,-2.669,0.0555,0.408,150.046,TRAP,5
198000,8,1,4,0.719,0.102,0.869,0.179,-5.007,0.131,0.583,148.046,TRAP,5
151714,0,1,4,0.79,0.00235,0.956,0.342,-3.025,0.0879,0.598,140.019,TRAP,5
171481,1,1,4,0.729,0.00599,0.878,0.323,-3.859,0.0894,0.494,150.016,TRAP,5
218400,6,0,4,0.828,0.003,0.452,0.0884,-6.038,0.0458,0.171,100.029,TRAP,5
171034,2,1,4,0.691,0.402,0.696,0.811,-3.681,0.249,0.123,87.069,TRAP,5
199048,1,1,4,0.784,0.0114,0.913,0.0831,-1.208,0.177,0.59,126.054,TRAP,5
179200,7,1,4,0.779,0.0148,0.898,0.0247,-3.181,0.215,0.16,149.976,TRAP,5
238509,6,1,4,0.677,0.036,0.639,0.277,-8.247,0.232,0.586,80.501,TRAP,5
198400,0,1,4,0.66,0.00721,0.994,0.63,1.792,0.258,0.228,150.085,TRAP,5
195067,1,0,4,0.389,0.297,0.741,0.121,-3.128,0.282,0.421,82.052,TRAP,5
168053,1,1,4,0.471,0.0101,0.79,0.0985,-3.904,0.0818,0.0822,100.026,TRAP,5
194931,1,1,4,0.698,0.0518,0.928,0.0537,-2.768,0.266,0.385,149.992,TRAP,5
176253,7,1,4,0.804,0.0249,0.688,0.0683,-6.109,0.255,0.51,160.035,TRAP,5
152344,11,1,4,0.661,0.000629,0.997,0.341,-1.998,0.12,0.355,127.989,TRAP,5
180813,1,1,4,0.69,0.0692,0.796,0.337,-2.859,0.0594,0.168,150.018,TRAP,5
189252,0,1,4,0.386,0.00137,0.929,0.15,-5.303,0.0433,0.348,74.971,TRAP,5
175640,10,0,4,0.655,0.0446,0.796,0.742,-3.909,0.0703,0.548,135.041,TRAP,5
208341,5,0,4,0.525,0.00949,0.874,0.295,-4.35,0.119,0.395,150.029,TRAP,5
197467,1,1,4,0.631,0.0191,0.663,0.144,-9.747,0.179,0.377,150.046,TRAP,5
179200,1,0,4,0.649,0.0637,0.95,0.275,-1.784,0.0618,0.596,150.052,TRAP,5
169000,4,0,4,0.632,0.00444,0.738,0.124,-5.782,0.0479,0.361,150.038,TRAP,5
170312,2,0,4,0.614,0.0168,0.738,0.225,-5.975,0.0351,0.237,140.03,TRAP,5
168563,11,1,4,0.687,0.00151,0.9,0.122,-2.129,0.0549,0.464,149.992,TRAP,5
138503,10,0,4,0.763,0.00518,0.8,0.11,-2.843,0.155,0.419,150.047,TRAP,5
264304,0,0,4,0.285,4.41e-05,0.908,0.334,-3.127,0.0493,0.317,158.007,TRAP,5
157615,1,1,4,0.596,0.0202,0.944,0.186,-4.813,0.123,0.416,150.073,TRAP,5
153000,7,1,4,0.569,0.0306,0.856,0.303,-4.511,0.082,0.25,160.1,TRAP,5
231200,5,0,4,0.501,0.049,0.946,0.146,-3.565,0.115,0.381,149.927,TRAP,5
184466,5,0,4,0.788,0.485,0.639,0.105,-6.341,0.0342,0.553,94.98,TRAP,5
168000,1,1,4,0.692,6.88e-05,0.881,0.0998,-5.555,0.0445,0.491,140.027,TRAP,5
176087,2,0,4,0.604,0.152,0.592,0.253,-5.333,0.0422,0.173,91.814,TRAP,5
223730,11,0,3,0.662,0.109,0.924,0.327,-3.872,0.053,0.787,134.981,TRAP,5
224595,5,0,4,0.623,0.0624,0.892,0.341,-3.533,0.071,0.442,148.033,TRAP,5
209214,4,0,4,0.289,0.0307,0.774,0.0817,-5.168,0.159,0.105,132.386,TRAP,5
168312,4,0,4,0.401,0.226,0.77,0.0749,-4.676,0.0537,0.0355,76.913,TRAP,5
254764,5,0,5,0.272,0.101,0.711,0.148,-5.789,0.085,0.0838,157.204,TRAP,5
251586,1,1,4,0.737,0.0105,0.733,0.112,-2.934,0.145,0.183,144.99,TRAP,5
172800,1,0,4,0.754,0.222,0.82,0.0891,-5.204,0.325,0.336,124.985,TRAP,5
171000,1,1,4,0.646,0.0311,0.854,0.0505,-2.773,0.459,0.577,159.876,TRAP,5
193714,10,0,4,0.749,0.0268,0.868,0.122,-5.478,0.162,0.195,139.952,TRAP,5
229509,5,0,4,0.688,0.0396,0.47,0.115,-10.883,0.467,0.222,149.872,TRAP,5
197015,6,0,4,0.711,0.0928,0.928,0.347,-4.963,0.0575,0.6,144.959,TRAP,5
249987,10,0,4,0.484,0.0447,0.806,0.333,-6.095,0.127,0.417,145.127,TRAP,5
223704,1,0,4,0.672,0.0446,0.778,0.0753,-4.794,0.0916,0.38,161.956,TRAP,5
192222,1,1,4,0.799,0.153,0.52,0.268,-5.044,0.17,0.334,161.968,TRAP,5
166400,11,1,4,0.715,0.0133,0.882,0.0906,-3.891,0.141,0.273,149.981,TRAP,5
207827,2,1,4,0.497,0.00523,0.925,0.222,-4.489,0.0745,0.262,139.961,TRAP,5
182857,0,1,4,0.518,0.0206,0.871,0.591,-3.773,0.263,0.358,157.847,TRAP,5
204740,3,0,4,0.419,0.00157,0.959,0.105,-4.174,0.0567,0.281,151.942,TRAP,5
